Channel,touchpoints,conversion_touchpoints,conversion_rate,conversion_rate_pct
Direct Traffic,1721,853,0.49564206856478793,49.56420685647879
Display Ads,1669,828,0.49610545236668663,49.61054523666866
Email,1654,830,0.501813784764208,50.181378476420804
Referral,1685,841,0.49910979228486646,49.910979228486646
Search Ads,1609,772,0.4798011187072716,47.98011187072716
Social Media,1662,820,0.49338146811071,49.338146811071
