channel,removal_effect,positive_removal,markov_share_pct
Direct Traffic,-0.0001104159631244439,0.0,0.0
Display Ads,0.0004475524199907266,0.0004475524199907266,76.05656613347392
Email,-0.00018703707782208312,0.0,0.0
Referral,0.00014089436737185768,0.00014089436737185768,23.943433866526075
Search Ads,-0.00023678659970927107,0.0,0.0
Social Media,-6.615103762541708e-07,0.0,0.0
