,S0_equal,S1_conversion_rate,S2_linear_attribution
Direct Traffic,0.16666666666666666,0.16711615650670802,0.17149999999999999
Display Ads,0.16666666666666666,0.16727239610958317,0.171
Email,0.16666666666666666,0.16919708053578378,0.1628
Referral,0.16666666666666666,0.16828537255328926,0.1675
Search Ads,0.16666666666666666,0.16177504681585947,0.1602
Social Media,0.16666666666666666,0.16635394747877633,0.16699999999999998
