Channel,budget_weight,spend,simulated_touchpoints,conversion_rate,simulated_conversions,simulated_revenue,roi
Direct Traffic,0.16711615650670802,16711.615650670803,1671.1615650670803,0.4956420685647879,828.2979750158161,82829.7975015816,3.9564206856478785
Display Ads,0.16727239610958317,16727.239610958317,1672.7239610958318,0.4961054523666866,829.8474774040435,82984.74774040435,3.961054523666866
Email,0.16919708053578378,16919.70805357838,1691.970805357838,0.501813784764208,849.0542735471618,84905.42735471617,4.01813784764208
Referral,0.16828537255328926,16828.537255328927,1682.8537255328927,0.4991097922848664,839.9287733965357,83992.87733965357,3.991097922848664
Search Ads,0.16177504681585947,16177.504681585948,1617.7504681585947,0.4798011187072716,776.1984844117061,77619.84844117062,3.7980111870727162
Social Media,0.16635394747877633,16635.39474787763,1663.539474787763,0.49338146811071,820.759548330906,82075.9548330906,3.9338146811070995
