scenario,conversions,revenue,delta_conversions,delta_revenue,delta_conv_pct,delta_rev_pct
S0_equal,4943.089474664217,494308.9474664217,0.0,0.0,0.0,0.0
S1_conversion_rate,4944.086532106169,494408.65321061685,0.9970574419521654,99.70574419514742,0.020170734255620104,0.0201707342555979
S2_linear_attribution,4943.916658722862,494391.66587228613,0.8271840586448889,82.71840586443432,0.0167341510382224,0.0167341510382224
