channel,baseline_conversion_probability,conversion_probability_without_channel,removal_effect_abs,removal_effect_pct,positive_removal_effect,markov_share_pct
Display Ads,0.8363189322093432,0.8358713797893524,0.0004475524199907266,0.05351456277671561,0.0004475524199907266,76.05656613347392
Referral,0.8363189322093432,0.8361780378419713,0.00014089436737185768,0.016846966144799615,0.00014089436737185768,23.943433866526075
Social Media,0.8363189322093432,0.8363195937197194,-6.615103762541708e-07,-7.909785977302075e-05,0.0,0.0
Direct Traffic,0.8363189322093432,0.8364293481724676,-0.0001104159631244439,-0.013202614322355808,0.0,0.0
Email,0.8363189322093432,0.8365059692871653,-0.00018703707782208312,-0.022364324257012628,0.0,0.0
Search Ads,0.8363189322093432,0.8365557188090524,-0.00023678659970927107,-0.02831295461454409,0.0,0.0
