,S0_equal,S1_conversion_rate,S2_linear_attribution
Direct Traffic,3.9564206856478785,3.9564206856478785,3.9564206856478785
Display Ads,3.961054523666866,3.961054523666866,3.961054523666866
Email,4.01813784764208,4.01813784764208,4.0181378476420795
Referral,3.991097922848664,3.991097922848664,3.991097922848664
Search Ads,3.7980111870727162,3.7980111870727162,3.7980111870727153
Social Media,3.9338146811071004,3.9338146811070995,3.9338146811071004
